id,tank_model,diameter,height,net_capacity,gross_capacity,ideal_price,nrp
1,RCT10-10,2.8,0.8,5,5,100000,100000
2,RCT10-14,2.8,1.4,8,8,100001,100001
3,RCT10-20,2.8,2,10,10,100002,100002
4,RCT15-14,3,1.4,15,15,100003,100003
5,RCT15-22,3,2.2,15,15,100004,100004
6,RCT15-29,3,2.9,20,20,100005,100005
7,RCT15-36,3,3.6,24,24,100006,100006
8,RCT15-43,3,4.3,29,29,100007,100007
9,RCT25-22,3.9,2.2,26,26,100008,100008
10,RCT25-29,3.9,2.9,34,34,100009,100009
11,RCT25-36,3.9,3.6,43,43,100010,100010
12,RCT25-43,3.9,4.3,51,51,100011,100011
13,RCT25-50,3.9,5,59,59,100012,100012
14,RCT25-57,3.9,5.7,67,67,100013,100013
15,RCT25-64,3.9,6.4,67,67,100014,100014
16,RCT40-22,4.9,2.2,41,41,100015,100015
17,RCT40-29,4.9,2.9,54,54,100016,100016
18,RCT40-36,4.9,3.6,67,67,100017,100017
19,RCT40-43,4.9,4.3,80,80,100018,100018
20,RCT40-50,4.9,5,93,93,100019,100019
21,RCT40-57,4.9,5.7,106,106,100020,100020
22,RCT40-64,4.9,6.4,119,119,100021,100021
23,RCT60-22,5.8,2.2,60,60,100022,100022
24,RCT60-29,5.8,2.9,77,77,100023,100023
25,RCT60-36,5.8,3.6,96,96,100024,100024
26,RCT60-43,5.8,4.3,115,115,100025,100025
27,RCT60-50,5.8,5,133,133,100026,100026
28,RCT60-57,5.8,5.7,152,152,100027,100027
29,RCT60-64,5.8,6.4,171,171,100028,100028
30,RCT60-71,5.8,7.1,171,171,100029,100029
31,RCT60-78,5.8,7.8,208,208,100030,100030
32,RCT60-85,5.8,8.5,208,208,100031,100031
33,RCT80-22,6.8,2.2,80,80,100032,100032
34,RCT80-29,6.8,2.9,105,105,100033,100033
35,RCT80-36,6.8,3.6,131,131,100034,100034
36,RCT80-43,6.8,4.3,156,156,100035,100035
37,RCT80-50,6.8,5,181,181,100036,100036
38,RCT80-57,6.8,5.7,207,207,100037,100037
39,RCT80-64,6.8,6.4,232,232,100038,100038
40,RCT80-71,6.8,7.1,232,232,100039,100039
41,RCT80-78,6.8,7.8,232,232,100040,100040
42,RCT80-85,6.8,8.5,232,232,100041,100041
43,RCT100-22,7.8,2.2,104,104,100042,100042
44,RCT100-29,7.8,2.9,137,137,100043,100043
45,RCT100-36,7.8,3.6,171,171,100044,100044
46,RCT100-43,7.8,4.3,204,204,100045,100045
47,RCT100-50,7.8,5,237,237,100046,100046
48,RCT100-57,7.8,5.7,270,270,100047,100047
49,RCT100-64,7.8,6.4,304,304,100048,100048
50,RCT100-71,7.8,7.1,336,336,100049,100049
51,RCT100-78,7.8,7.8,369,369,100050,100050
52,RCT100-85,7.8,8.5,369,369,100051,100051
53,RCT130-22,8.7,2.2,132,132,100052,100052
54,RCT130-29,8.7,2.9,174,174,100053,100053
55,RCT130-36,8.7,3.6,216,216,100054,100054
56,RCT130-43,8.7,4.3,258,258,100055,100055
57,RCT130-50,8.7,5,300,300,100056,100056
58,RCT130-57,8.7,5.7,342,342,100057,100057
59,RCT130-64,8.7,6.4,384,384,100058,100058
60,RCT130-71,8.7,7.1,425,425,100059,100059
61,RCT130-78,8.7,7.8,467,467,100060,100060
62,RCT130-85,8.7,8.5,509,509,100061,100061
63,RCT160-22,9.7,2.2,163,163,100062,100062
64,RCT160-29,9.7,2.9,215,215,100063,100063
65,RCT160-36,9.7,3.6,266,266,100064,100064
66,RCT160-43,9.7,4.3,374,374,100065,100065
67,RCT160-50,9.7,5,370,370,100066,100066
68,RCT160-57,9.7,5.7,422,422,100067,100067
69,RCT160-64,9.7,6.4,474,474,100068,100068
70,RCT160-71,9.7,7.1,526,526,100069,100069
71,RCT160-78,9.7,7.8,526,526,100070,100070
72,RCT160-85,9.7,8.5,630,630,100071,100071
73,RCT200-22,10.7,2.2,197,197,100072,100072
74,RCT200-29,10.7,2.9,260,260,100073,100073
75,RCT200-36,10.7,3.6,322,322,100074,100074
76,RCT200-43,10.7,4.3,385,385,100075,100075
77,RCT200-50,10.7,5,448,448,100076,100076
78,RCT200-57,10.7,5.7,511,511,100077,100077
79,RCT200-64,10.7,6.4,573,573,100078,100078
80,RCT200-71,10.7,7.1,636,636,100079,100079
81,RCT200-78,10.7,7.8,636,636,100080,100080
82,RCT200-85,10.7,8.5,636,636,100081,100081
83,RCT230-22,11.7,2.2,235,235,100082,100082
84,RCT230-29,11.7,2.9,309,309,100083,100083
85,RCT230-36,11.7,3.6,384,384,100084,100084
86,RCT230-43,11.7,4.3,458,458,100085,100085
87,RCT230-50,11.7,5,524,524,100086,100086
88,RCT230-57,11.7,5.7,608,608,100087,100087
89,RCT230-64,11.7,6.4,682,682,100088,100088
90,RCT230-71,11.7,7.1,682,682,100089,100089
91,RCT230-78,11.7,7.8,682,682,100090,100090
92,RCT230-85,11.7,8.5,906,906,100091,100091
93,RCT275-22,12.6,2.2,275,275,100092,100092
94,RCT275-29,12.6,2.9,363,363,100093,100093
95,RCT275-36,12.6,3.6,450,450,100094,100094
96,RCT275-43,12.6,4.3,538,538,100095,100095
97,RCT275-50,12.6,5,626,626,100096,100096
98,RCT275-57,12.6,5.7,713,713,100097,100097
99,RCT275-64,12.6,6.4,801,801,100098,100098
100,RCT275-71,12.6,7.1,851,851,100099,100099
101,RCT275-78,12.6,7.8,851,851,100100,100100
102,RCT275-85,12.6,8.5,851,851,100101,100101
103,RCT320-22,13.6,2.2,320,320,100102,100102
104,RCT320-29,13.6,2.9,421,421,100103,100103
105,RCT320-36,13.6,3.6,523,523,100104,100104
106,RCT320-43,13.6,4.3,625,625,100105,100105
107,RCT320-50,13.6,5,726,726,100106,100106
108,RCT320-57,13.6,5.7,828,828,100107,100107
109,RCT320-64,13.6,6.4,930,930,100108,100108
110,RCT320-85,13.6,8.5,1233,1233,100109,100109
111,RCT360-22,14.6,2.2,367,367,100110,100110
112,RCT360-29,14.6,2.9,483,483,100111,100111
113,RCT360-36,14.6,3.6,600,600,100112,100112
114,RCT360-43,14.6,4.3,716,716,100113,100113
115,RCT360-50,14.6,5,833,833,100114,100114
116,RCT360-57,14.6,5.7,950,950,100115,100115
117,RCT360-64,14.6,6.4,1067,1067,100116,100116
118,RCT360-78,14.6,7.8,1299,1299,100117,100117
119,RCT360-85,14.6,7.8,1415,1415,100118,100118
120,RCT420-22,15.5,2.2,417,417,100119,100119
121,RCT420-29,15.5,2.9,550,550,100120,100120
122,RCT420-36,15.5,3.6,683,683,100121,100121
123,RCT420-43,15.5,4.3,816,816,100122,100122
124,RCT420-50,15.5,5,948,948,100123,100123
125,RCT420-57,15.5,5.7,1081,1081,100124,100124
126,RCT420-64,15.5,6.4,1214,1214,100125,100125
127,RCT420-71,15.5,7.1,1214,1214,100126,100126
128,RCT420-85,15.5,8.5,1214,1214,100127,100127
129,RCT470-22,16.5,2.2,471,471,100128,100128
130,RCT470-29,16.5,2.9,622,622,100129,100129
131,RCT470-36,16.5,3.6,770,770,100130,100130
132,RCT470-43,16.5,4.3,920,920,100131,100131
133,RCT470-50,16.5,5,1070,1070,100132,100132
134,RCT470-57,16.5,5.7,1220,1220,100133,100133
135,RCT470-64,16.5,6.4,1370,1370,100134,100134
136,RCT530-22,17.5,2.2,528,528,100135,100135
137,RCT530-29,17.5,2.9,696,696,100136,100136
138,RCT530-36,17.5,3.6,864,864,100137,100137
139,RCT530-43,17.5,4.3,1032,1032,100138,100138
140,RCT530-50,17.5,5,1199,1199,100139,100139
141,RCT530-57,17.5,5.7,1368,1368,100140,100140
142,RCT530-64,17.5,6.4,1536,1536,100141,100141
143,RCT530-85,17.5,8.5,2040,2040,100142,100142
144,RCT590-22,18.5,2.2,588,588,100143,100143
145,RCT590-29,18.5,2.9,775,775,100144,100144
146,RCT590-36,18.5,3.6,962,962,100145,100145
147,RCT590-43,18.5,4.3,1149,1149,100146,100146
148,RCT590-50,18.5,5,1336,1336,100147,100147
149,RCT590-57,18.5,5.7,1524,1524,100148,100148
150,RCT590-64,18.5,6.4,1711,1711,100149,100149
151,RCT650-22,19.4,2.2,652,652,100150,100150
152,RCT650-29,19.4,2.9,859,859,100151,100151
153,RCT650-36,19.4,3.6,1066,1066,100152,100152
154,RCT650-43,19.4,4.3,1274,1274,100153,100153
155,RCT650-50,19.4,5,1481,1481,100154,100154
156,RCT650-57,19.4,5.7,1689,1689,100155,100155
157,RCT650-64,19.4,6.4,1896,1896,100156,100156
158,RCT720-22,20.4,2.2,718,718,100157,100157
159,RCT720-29,20.4,2.9,947,947,100158,100158
160,RCT720-36,20.4,3.6,1175,1175,100159,100159
161,RCT720-43,20.4,4.3,1404,1404,100160,100160
162,RCT720-50,20.4,5,1633,1633,100161,100161
163,RCT720-57,20.4,5.7,1862,1862,100162,100162
164,RCT720-64,20.4,6.4,2090,2090,100163,100163
165,RCT790-22,21.7,2.2,788,788,100164,100164
166,RCT790-29,21.7,2.9,1039,1039,100165,100165
167,RCT790-36,21.7,3.6,1290,1290,100166,100166
168,RCT790-43,21.7,4.3,1541,1541,100167,100167
169,RCT790-50,21.7,5,1792,1792,100168,100168
170,RCT790-57,21.7,5.7,2105,2105,100169,100169
171,RCT790-64,21.7,6.4,2363,2363,100170,100170
172,RCT790-71,21.7,7.1,2363,2363,100171,100171
173,RCT860-22,22.3,2.2,862,862,100172,100172
174,RCT860-29,22.3,2.9,1136,1136,100173,100173
175,RCT860-36,22.3,3.6,1410,1410,100174,100174
176,RCT860-43,22.3,4.3,1684,1684,100175,100175
177,RCT860-50,22.3,5,1958,1958,100176,100176
178,RCT860-57,22.3,5.7,1958,1958,100177,100177
179,RCT860-64,22.3,6.4,1958,1958,100178,100178
180,RCT940-22,23.3,2.2,938,938,100179,100179
181,RCT940-29,23.3,2.9,1237,1237,100180,100180
182,RCT940-36,23.3,3.6,1535,1535,100181,100181
183,RCT940-43,23.3,4.3,1834,1834,100182,100182
184,RCT940-50,23.3,5,2132,2132,100183,100183
185,RCT940-57,23.3,5.7,2432,2432,100184,100184
186,RCT940-64,23.3,6.4,2432,2432,100185,100185
187,RCT1010-22,24.3,2.2,1018,1018,100186,100186
188,RCT1010-29,24.3,2.9,1342,1342,100187,100187
189,RCT1010-36,24.3,3.6,1666,1666,100188,100188
190,RCT1010-43,24.3,4.3,1990,1990,100189,100189
191,RCT1010-50,24.3,5,2314,2314,100190,100190
192,RCT1010-57,24.3,5.7,2639,2639,100191,100191
193,RCT1010-64,24.3,6.4,2639,2639,100192,100192
194,RCT1180-57,26.2,5.7,3076,3076,100193,100193
195,RCT1180-43,26.2,4.3,2321,2321,100194,100194
196,SFM70-24,6.11,2.4,53,70,100195,100195
197,SFM70-36,6.11,3.6,87,106,100196,100196
198,SFM70-48,6.11,4.8,125,141,100197,100197
199,SFM70-60,6.11,6,163,176,100198,100198
200,SFM70-72,6.11,7.2,201,211,100199,100199
201,SFM70-84,6.11,8.4,231,246,100200,100200
202,SFM90-24,6.88,2.4,68,89,100201,100201
203,SFM90-36,6.88,3.6,114,134,100202,100202
204,SFM90-48,6.88,4.8,159,178,100203,100203
205,SFM90-60,6.88,6,204,223,100204,100204
206,SFM90-72,6.88,7.2,250,268,100205,100205
207,SFM90-84,6.88,8.4,291,312,100206,100206
208,SFM110-24,7.64,2.4,83,110,100207,100207
209,SFM110-36,7.64,3.6,136,165,100208,100208
210,SFM110-48,7.64,4.8,197,220,100209,100209
211,SFM110-60,7.64,6,254,275,100210,100210
212,SFM110-72,7.64,7.2,310,330,100211,100211
213,SFM110-84,7.64,8.4,360,385,100212,100212
214,SFM135-24,8.4,2.4,98,133,100213,100213
215,SFM135-36,8.4,3.6,167,200,100214,100214
216,SFM135-48,8.4,4.8,235,266,100215,100215
217,SFM135-60,8.4,6,303,333,100216,100216
218,SFM135-72,8.4,7.2,371,399,100217,100217
219,SFM135-84,8.4,8.4,432,466,100218,100218
220,SFM160-24,9.17,2.4,114,159,100219,100219
221,SFM160-36,9.17,3.6,197,238,100220,100220
222,SFM160-48,9.17,4.8,280,317,100221,100221
223,SFM160-60,9.17,6,360,396,100222,100222
224,SFM160-72,9.17,7.2,443,476,100223,100223
225,SFM160-84,9.17,8.4,515,555,100224,100224
226,SFM185-12,9.93,1.2,35,38,100225,100225
227,SFM185-24,9.93,2.4,132,186,100226,100226
228,SFM185-36,9.93,3.6,227,279,100227,100227
229,SFM185-48,9.93,4.8,326,372,100228,100228
230,SFM185-60,9.93,6,420,465,100229,100229
231,SFM185-72,9.93,7.2,515,558,100230,100230
232,SFM185-84,9.93,8.4,602,651,100231,100231
233,SST25-24(ETP),3.82,2.4,28,28,100232,100232
234,SST25-36(ETP),3.82,3.6,41,41,100233,100233
235,SST25-48(ETP),3.82,4.8,55,55,100234,100234
236,SST25-60(ETP),3.82,6,69,69,100235,100235
237,SST25-72(ETP),3.82,7.2,83,83,100236,100236
238,SST40-24(ETP),4.59,2.4,40,40,100237,100237
239,SST40-36(ETP),4.59,3.6,60,60,100238,100238
240,SST40-48(ETP),4.59,4.8,79,79,100239,100239
241,SST40-60(ETP),4.59,6,99,99,100240,100240
242,SST40-72(ETP),4.59,7.2,119,119,100241,100241
243,SST50-24(ETP),5.35,2.4,54,54,100242,100242
244,SST50-36(ETP),5.35,3.6,81,81,100243,100243
245,SST50-48(ETP),5.35,4.8,108,108,100244,100244
246,SST50-60(ETP),5.35,6,135,135,100245,100245
247,SST50-72(ETP),5.35,7.2,162,162,100246,100246
248,SST50-84(ETP),5.35,8.4,189,189,100247,100247
249,SST70-24(ETP),6.11,2.4,70,70,100248,100248
250,SST70-36(ETP),6.11,3.6,106,106,100249,100249
251,SST70-48(ETP),6.11,4.8,141,141,100250,100250
252,SST70-60(ETP),6.11,6,176,176,100251,100251
253,SST70-72(ETP),6.11,7.2,211,211,100252,100252
254,SST70-84(ETP),6.11,8.4,246,246,100253,100253
255,SST70-96(ETP),6.11,9.6,282,282,100254,100254
256,SST85-24(ETP),6.88,2.4,89,89,100255,100255
257,SST85-36(ETP),6.88,3.6,134,134,100256,100256
258,SST85-48(ETP),6.88,4.8,178,178,100257,100257
259,SST85-60(ETP),6.88,6,223,223,100258,100258
260,SST85-72(ETP),6.88,7.2,268,268,100259,100259
261,SST85-84(ETP),6.88,8.4,312,312,100260,100260
262,SST85-96(ETP),6.88,9.6,357,357,100261,100261
263,SST85-108(ETP),6.88,10.8,402,402,100262,100262
264,SST105-24(ETP),7.64,2.4,110,110,100263,100263
265,SST105-36(ETP),7.64,3.6,165,165,100264,100264
266,SST105-48(ETP),7.64,4.8,220,220,100265,100265
267,SST105-60(ETP),7.64,6,275,275,100266,100266
268,SST105-72(ETP),7.64,7.2,330,330,100267,100267
269,SST105-84(ETP),7.64,8.4,385,385,100268,100268
270,SST105-96(ETP),7.64,9.6,440,440,100269,100269
271,SST105-108(ETP),7.64,10.8,495,495,100270,100270
272,SST130-24(ETP),8.4,2.4,133,133,100271,100271
273,SST130-36(ETP),8.4,3.6,200,200,100272,100272
274,SST130-48(ETP),8.4,4.8,266,266,100273,100273
275,SST130-60(ETP),8.4,6,333,333,100274,100274
276,SST130-72(ETP),8.4,7.2,399,399,100275,100275
277,SST130-84(ETP),8.4,8.4,466,466,100276,100276
278,SST130-96(ETP),8.4,9.6,532,532,100277,100277
279,SST130-108(ETP),8.4,10.8,599,599,100278,100278
280,SST155-24(ETP),9.17,2.4,159,159,100279,100279
281,SST155-36(ETP),9.17,3.6,238,238,100280,100280
282,SST155-48(ETP),9.17,4.8,317,317,100281,100281
283,SST155-60(ETP),9.17,6,396,396,100282,100282
284,SST155-72(ETP),9.17,7.2,476,476,100283,100283
285,SST155-84(ETP),9.17,8.4,555,555,100284,100284
286,SST155-96(ETP),9.17,9.6,634,634,100285,100285
287,SST155-108(ETP),9.17,10.8,713,713,100286,100286
288,SST180-24(ETP),9.93,2.4,186,186,100287,100287
289,SST180-36(ETP),9.93,3.6,279,279,100288,100288
290,SST180-48(ETP),9.93,4.8,372,372,100289,100289
291,SST180-60(ETP),9.93,6,465,465,100290,100290
292,SST180-72(ETP),9.93,7.2,558,558,100291,100291
293,SST180-84(ETP),9.93,8.4,651,651,100292,100292
294,SST180-96(ETP),9.93,9.6,744,744,100293,100293
295,SST180-108(ETP),9.93,10.8,837,837,100294,100294
296,SST210-24(ETP),10.7,2.4,216,216,100295,100295
297,SST210-36(ETP),10.7,3.6,324,324,100296,100296
298,SST210-48(ETP),10.7,4.8,432,432,100297,100297
299,SST210-60(ETP),10.7,6,540,540,100298,100298
300,SST210-72(ETP),10.7,7.2,648,648,100299,100299
301,SST210-84(ETP),10.7,8.4,755,755,100300,100300
302,SST210-96(ETP),10.7,9.6,863,863,100301,100301
303,SST210-108(ETP),10.7,10.8,971,971,100302,100302
304,SST240-24(ETP),11.46,2.4,248,248,100303,100303
305,SST240-36(ETP),11.46,3.6,371,371,100304,100304
306,SST240-48(ETP),11.46,4.8,495,495,100305,100305
307,SST240-60(ETP),11.46,6,619,619,100306,100306
308,SST240-72(ETP),11.46,7.2,743,743,100307,100307
309,SST240-84(ETP),11.46,8.4,867,867,100308,100308
310,SST240-96(ETP),11.46,9.6,990,990,100309,100309
311,SST240-108(ETP),11.46,10.8,1114,1114,100310,100310
312,SST275-24(ETP),12.22,2.4,282,282,100311,100311
313,SST275-36(ETP),12.22,3.6,422,422,100312,100312
314,SST275-48(ETP),12.22,4.8,563,563,100313,100313
315,SST275-60(ETP),12.22,6,704,704,100314,100314
316,SST275-72(ETP),12.22,7.2,845,845,100315,100315
317,SST275-84(ETP),12.22,8.4,985,985,100316,100316
318,SST275-96(ETP),12.22,9.6,1126,1126,100317,100317
319,SST275-108(ETP),12.22,10.8,1267,1267,100318,100318
320,SST310-24(ETP),12.99,2.4,318,318,100319,100319
321,SST310-36(ETP),12.99,3.6,477,477,100320,100320
322,SST310-48(ETP),12.99,4.8,636,636,100321,100321
323,SST310-60(ETP),12.99,6,795,795,100322,100322
324,SST310-72(ETP),12.99,7.2,954,954,100323,100323
325,SST310-84(ETP),12.99,8.4,1113,1113,100324,100324
326,SST310-96(ETP),12.99,9.6,1272,1272,100325,100325
327,SST310-108(ETP),12.99,10.8,1431,1431,100326,100326
328,SST350-24(ETP),13.75,2.4,356,356,100327,100327
329,SST350-36(ETP),13.75,3.6,535,535,100328,100328
330,SST350-48(ETP),13.75,4.8,713,713,100329,100329
331,SST350-60(ETP),13.75,6,891,891,100330,100330
332,SST350-72(ETP),13.75,7.2,1069,1069,100331,100331
333,SST350-84(ETP),13.75,8.4,1247,1247,100332,100332
334,SST350-96(ETP),13.75,9.6,1426,1426,100333,100333
335,SST350-108(ETP),13.75,10.8,1604,1604,100334,100334
336,SST390-24(ETP),14.51,2.4,397,397,100335,100335
337,SST390-36(ETP),14.51,3.6,595,595,100336,100336
338,SST390-48(ETP),14.51,4.8,794,794,100337,100337
339,SST390-60(ETP),14.51,6,992,992,100338,100338
340,SST390-72(ETP),14.51,7.2,1191,1191,100339,100339
341,SST390-84(ETP),14.51,8.4,1389,1389,100340,100340
342,SST390-96(ETP),14.51,9.6,1588,1588,100341,100341
343,SST390-108(ETP),14.51,10.8,1786,1786,100342,100342
344,SST430-24(ETP),15.28,2.4,440,440,100343,100343
345,SST430-36(ETP),15.28,3.6,660,660,100344,100344
346,SST430-48(ETP),15.28,4.8,880,880,100345,100345
347,SST430-60(ETP),15.28,6,1100,1100,100346,100346
348,SST430-72(ETP),15.28,7.2,1320,1320,100347,100347
349,SST430-84(ETP),15.28,8.4,1541,1541,100348,100348
350,SST430-96(ETP),15.28,9.6,1761,1761,100349,100349
351,SST430-108(ETP),15.28,10.8,1981,1981,100350,100350
352,SST475-24(ETP),16.04,2.4,485,485,100351,100351
353,SST475-36(ETP),16.04,3.6,728,728,100352,100352
354,SST475-48(ETP),16.04,4.8,970,970,100353,100353
355,SST475-60(ETP),16.04,6,1213,1213,100354,100354
356,SST475-72(ETP),16.04,7.2,1455,1455,100355,100355
357,SST475-84(ETP),16.04,8.4,1698,1698,100356,100356
358,SST475-96(ETP),16.04,9.6,1940,1940,100357,100357
359,SST475-108(ETP),16.04,10.8,2183,2183,100358,100358
360,SST520-24(ETP),16.81,2.4,533,533,100359,100359
361,SST520-36(ETP),16.81,3.6,799,799,100360,100360
362,SST520-48(ETP),16.81,4.8,1065,1065,100361,100361
363,SST520-60(ETP),16.81,6,1332,1332,100362,100362
364,SST520-72(ETP),16.81,7.2,1598,1598,100363,100363
365,SST520-84(ETP),16.81,8.4,1864,1864,100364,100364
366,SST520-96(ETP),16.81,9.6,2131,2131,100365,100365
367,SST520-108(ETP),16.81,10.8,2397,2397,100366,100366
368,SST570-24(ETP),17.57,2.4,582,582,100367,100367
369,SST570-36(ETP),17.57,3.6,873,873,100368,100368
370,SST570-48(ETP),17.57,4.8,1164,1164,100369,100369
371,SST570-60(ETP),17.57,6,1455,1455,100370,100370
372,SST570-72(ETP),17.57,7.2,1746,1746,100371,100371
373,SST570-84(ETP),17.57,8.4,2037,2037,100372,100372
374,SST570-96(ETP),17.57,9.6,2328,2328,100373,100373
375,SST570-108(ETP),17.57,10.8,2619,2619,100374,100374
376,SST620-24(ETP),18.33,2.4,633,633,100375,100375
377,SST620-36(ETP),18.33,3.6,950,950,100376,100376
378,SST620-48(ETP),18.33,4.8,1267,1267,100377,100377
379,SST620-60(ETP),18.33,6,1584,1584,100378,100378
380,SST620-72(ETP),18.33,7.2,1900,1900,100379,100379
381,SST620-84(ETP),18.33,8.4,2217,2217,100380,100380
382,SST620-96(ETP),18.33,9.6,2534,2534,100381,100381
383,SST620-108(ETP),18.33,10.8,2850,2850,100382,100382
384,SST675-24(ETP),19.1,2.4,688,688,100383,100383
385,SST675-36(ETP),19.1,3.6,1032,1032,100384,100384
386,SST675-48(ETP),19.1,4.8,1375,1375,100385,100385
387,SST675-60(ETP),19.1,6,1719,1719,100386,100386
388,SST675-72(ETP),19.1,7.2,2063,2063,100387,100387
389,SST675-84(ETP),19.1,8.4,2407,2407,100388,100388
390,SST675-96(ETP),19.1,9.6,2751,2751,100389,100389
391,SST675-108(ETP),19.1,10.8,3095,3095,100390,100390
392,SST730-24(ETP),19.86,2.4,744,744,100391,100391
393,SST730-36(ETP),19.86,3.6,1115,1115,100392,100392
394,SST730-48(ETP),19.86,4.8,1487,1487,100393,100393
395,SST730-60(ETP),19.86,6,1859,1859,100394,100394
396,SST730-72(ETP),19.86,7.2,2231,2231,100395,100395
397,SST730-84(ETP),19.86,8.4,2602,2602,100396,100396
398,SST730-96(ETP),19.86,9.6,2974,2974,100397,100397
399,SST730-108(ETP),19.86,10.8,3346,3346,100398,100398
400,SST785-24(ETP),20.63,2.4,802,802,100399,100399
401,SST785-36(ETP),20.63,3.6,1204,1204,100400,100400
402,SST785-48(ETP),20.63,4.8,1605,1605,100401,100401
403,SST785-60(ETP),20.63,6,2006,2006,100402,100402
404,SST785-72(ETP),20.63,7.2,2407,2407,100403,100403
405,SST785-84(ETP),20.63,8.4,2808,2808,100404,100404
406,SST785-96(ETP),20.63,9.6,3209,3209,100405,100405
407,SST785-108(ETP),20.63,10.8,3611,3611,100406,100406
408,SST845-24(ETP),21.39,2.4,863,863,100407,100407
409,SST845-36(ETP),21.39,3.6,1294,1294,100408,100408
410,SST845-48(ETP),21.39,4.8,1725,1725,100409,100409
411,SST845-60(ETP),21.39,6,2156,2156,100410,100410
412,SST845-72(ETP),21.39,7.2,2588,2588,100411,100411
413,SST845-84(ETP),21.39,8.4,3019,3019,100412,100412
414,SST845-96(ETP),21.39,9.6,3450,3450,100413,100413
415,SST845-108(ETP),21.39,10.8,3881,3881,100414,100414
416,SST900-24(ETP),22.15,2.4,925,925,100415,100415
417,SST900-36(ETP),22.15,3.6,1387,1387,100416,100416
418,SST900-48(ETP),22.15,4.8,1850,1850,100417,100417
419,SST900-60(ETP),22.15,6,2312,2312,100418,100418
420,SST900-72(ETP),22.15,7.2,2775,2775,100419,100419
421,SST900-84(ETP),22.15,8.4,3237,3237,100420,100420
422,SST900-96(ETP),22.15,9.6,3700,3700,100421,100421
423,SST900-108(ETP),22.15,10.8,4162,4162,100422,100422
424,SST970-24(ETP),22.92,2.4,990,990,100423,100423
425,SST970-36(ETP),22.92,3.6,1486,1486,100424,100424
426,SST970-48(ETP),22.92,4.8,1981,1981,100425,100425
427,SST970-60(ETP),22.92,6,2476,2476,100426,100426
428,SST970-72(ETP),22.92,7.2,2971,2971,100427,100427
429,SST970-84(ETP),22.92,8.4,3466,3466,100428,100428
430,SST970-96(ETP),22.92,9.6,3961,3961,100429,100429
431,SST970-108(ETP),22.92,10.8,4457,4457,100430,100430
432,SST1060-24(ETP),23.98,2.4,1084,1084,100431,100431
433,SST1060-36(ETP),23.98,3.6,1626,1626,100432,100432
434,SST1060-48(ETP),23.98,4.8,2168,2168,100433,100433
435,SST1060-60(ETP),23.98,6,2710,2710,100434,100434
436,SST1060-72(ETP),23.98,7.2,3252,3252,100435,100435
437,SST1060-84(ETP),23.98,8.4,3794,3794,100436,100436
438,SST1060-96(ETP),23.98,9.6,4336,4336,100437,100437
439,SST1060-108(ETP),23.98,10.8,4878,4878,100438,100438
440,SST1100-24(ETP),24.45,2.4,1127,1127,100439,100439
441,SST1100-36(ETP),24.45,3.6,1690,1690,100440,100440
442,SST1100-48(ETP),24.45,4.8,2254,2254,100441,100441
443,SST1100-60(ETP),24.45,6,2817,2817,100442,100442
444,SST1100-72(ETP),24.45,7.2,3381,3381,100443,100443
445,SST1100-84(ETP),24.45,8.4,3944,3944,100444,100444
446,SST1100-96(ETP),24.45,9.6,4508,4508,100445,100445
447,SST1100-108(ETP),24.45,10.8,5071,5071,100446,100446
448,SST1175-24(ETP),25.21,2.4,1198,1198,100447,100447
449,SST1175-36(ETP),25.21,3.6,1797,1797,100448,100448
450,SST1175-48(ETP),25.21,4.8,2396,2396,100449,100449
451,SST1175-60(ETP),25.21,6,2995,2995,100450,100450
452,SST1175-72(ETP),25.21,7.2,3594,3594,100451,100451
453,SST1175-84(ETP),25.21,8.4,4193,4193,100452,100452
454,SST1175-96(ETP),25.21,9.6,4793,4793,100453,100453
455,SST1175-108(ETP),25.21,10.8,5392,5392,100454,100454
456,SST1245-24(ETP),25.97,2.4,1271,1271,100455,100455
457,SST1245-36(ETP),25.97,3.6,1907,1907,100456,100456
458,SST1245-48(ETP),25.97,4.8,2543,2543,100457,100457
459,SST1245-60(ETP),25.97,6,3179,3179,100458,100458
460,SST1245-72(ETP),25.97,7.2,3814,3814,100459,100459
461,SST1245-84(ETP),25.97,8.4,4450,4450,100460,100460
462,SST1245-96(ETP),25.97,9.6,5086,5086,100461,100461
463,SST1245-108(ETP),25.97,10.8,5722,5722,100462,100462
464,SST1320-24(ETP),26.74,2.4,1348,1348,100463,100463
465,SST1320-36(ETP),26.74,3.6,2022,2022,100464,100464
466,SST1320-48(ETP),26.74,4.8,2696,2696,100465,100465
467,SST1320-60(ETP),26.74,6,3370,3370,100466,100466
468,SST1320-72(ETP),26.74,7.2,4044,4044,100467,100467
469,SST1320-84(ETP),26.74,8.4,4718,4718,100468,100468
470,SST1320-96(ETP),26.74,9.6,5392,5392,100469,100469
471,SST1320-108(ETP),26.74,10.8,6066,6066,100470,100470
472,SST1395-24(ETP),27.5,2.4,1426,1426,100471,100471
473,SST1395-36(ETP),27.5,3.6,2139,2139,100472,100472
474,SST1395-48(ETP),27.5,4.8,2851,2851,100473,100473
475,SST1395-60(ETP),27.5,6,3564,3564,100474,100474
476,SST1395-72(ETP),27.5,7.2,4277,4277,100475,100475
477,SST1395-84(ETP),27.5,8.4,4990,4990,100476,100476
478,SST1395-96(ETP),27.5,9.6,5703,5703,100477,100477
479,SST1395-108(ETP),27.5,10.8,6416,6416,100478,100478
480,SST1475-24(ETP),28.27,2.4,1507,1507,100479,100479
481,SST1475-36(ETP),28.27,3.6,2260,2260,100480,100480
482,SST1475-48(ETP),28.27,4.8,3013,3013,100481,100481
483,SST1475-60(ETP),28.27,6,3767,3767,100482,100482
484,SST1475-72(ETP),28.27,7.2,4520,4520,100483,100483
485,SST1475-84(ETP),28.27,8.4,5273,5273,100484,100484
486,SST1475-96(ETP),28.27,9.6,6027,6027,100485,100485
487,SST1475-108(ETP),28.27,10.8,6780,6780,100486,100486
488,SST1555-24(ETP),29.03,2.4,1589,1589,100487,100487
489,SST1555-36(ETP),29.03,3.6,2383,2383,100488,100488
490,SST1555-48(ETP),29.03,4.8,3177,3177,100489,100489
491,SST1555-60(ETP),29.03,6,3972,3972,100490,100490
492,SST1555-72(ETP),29.03,7.2,4766,4766,100491,100491
493,SST1555-84(ETP),29.03,8.4,5561,5561,100492,100492
494,SST1555-96(ETP),29.03,9.6,6355,6355,100493,100493
495,SST1555-108(ETP),29.03,10.8,7149,7149,100494,100494
496,SST1630-24(ETP),29.79,2.4,1673,1673,100495,100495
497,SST1630-36(ETP),29.79,3.6,2510,2510,100496,100496
498,SST1630-48(ETP),29.79,4.8,3346,3346,100497,100497
499,SST1630-60(ETP),29.79,6,4183,4183,100498,100498
500,SST1630-72(ETP),29.79,7.2,5019,5019,100499,100499
501,SST1630-84(ETP),29.79,8.4,5856,5856,100500,100500
502,SST1630-96(ETP),29.79,9.6,6692,6692,100501,100501
503,SST1630-108(ETP),29.79,10.8,7529,7529,100502,100502
504,SST1720-24(ETP),30.56,2.4,1761,1761,100503,100503
505,SST1720-36(ETP),30.56,3.6,2641,2641,100504,100504
506,SST1720-48(ETP),30.56,4.8,3521,3521,100505,100505
507,SST1720-60(ETP),30.56,6,4402,4402,100506,100506
508,SST1720-72(ETP),30.56,7.2,5282,5282,100507,100507
509,SST1720-84(ETP),30.56,8.4,6162,6162,100508,100508
510,SST1720-96(ETP),30.56,9.6,7042,7042,100509,100509
511,SST1720-108(ETP),30.56,10.8,7923,7923,100510,100510
512,SST1810-24(ETP),31.32,2.4,1849,1849,100511,100511
513,SST1810-36(ETP),31.32,3.6,2774,2774,100512,100512
514,SST1810-48(ETP),31.32,4.8,3699,3699,100513,100513
515,SST1810-60(ETP),31.32,6,4623,4623,100514,100514
516,SST1810-72(ETP),31.32,7.2,5548,5548,100515,100515
517,SST1810-84(ETP),31.32,8.4,6472,6472,100516,100516
518,SST1810-96(ETP),31.32,9.6,7397,7397,100517,100517
519,SST1810-108(ETP),31.32,10.8,8322,8322,100518,100518
520,SST1900-24(ETP),32.09,2.4,1941,1941,100519,100519
521,SST1900-36(ETP),32.09,3.6,2912,2912,100520,100520
522,SST1900-48(ETP),32.09,4.8,3883,3883,100521,100521
523,SST1900-60(ETP),32.09,6,4853,4853,100522,100522
524,SST1900-72(ETP),32.09,7.2,5824,5824,100523,100523
525,SST1900-84(ETP),32.09,8.4,6795,6795,100524,100524
526,SST1900-96(ETP),32.09,9.6,7765,7765,100525,100525
527,SST1900-108(ETP),32.09,10.8,8736,8736,100526,100526
528,SST2085-24(ETP),33.61,2.4,2130,2130,100527,100527
529,SST2085-36(ETP),33.61,3.6,3194,3194,100528,100528
530,SST2085-48(ETP),33.61,4.8,4259,4259,100529,100529
531,SST2085-60(ETP),33.61,6,5324,5324,100530,100530
532,SST2085-72(ETP),33.61,7.2,6389,6389,100531,100531
533,SST2085-84(ETP),33.61,8.4,7454,7454,100532,100532
534,SST2085-96(ETP),33.61,9.6,8518,8518,100533,100533
535,SST2085-108(ETP),33.61,10.8,9583,9583,100534,100534
536,SST2180-24(ETP),34.38,2.4,2228,2228,100535,100535
537,SST2180-36(ETP),34.38,3.6,3342,3342,100536,100536
538,SST2180-48(ETP),34.38,4.8,4457,4457,100537,100537
539,SST2180-60(ETP),34.38,6,5571,5571,100538,100538
540,SST2180-72(ETP),34.38,7.2,6685,6685,100539,100539
541,SST2180-84(ETP),34.38,8.4,7799,7799,100540,100540
542,SST2180-96(ETP),34.38,9.6,8913,8913,100541,100541
543,SST2180-108(ETP),34.38,10.8,10027,10027,100542,100542
544,SST25-24(BioD),3.82,2.4,28,28,100543,100543
545,SST25-36(BioD),3.82,3.6,41,41,100544,100544
546,SST25-48(BioD),3.82,4.8,55,55,100545,100545
547,SST25-60(BioD),3.82,6,69,69,100546,100546
548,SST25-72(BioD),3.82,7.2,83,83,100547,100547
549,SST40-24(BioD),4.59,2.4,40,40,100548,100548
550,SST40-36(BioD),4.59,3.6,60,60,100549,100549
551,SST40-48(BioD),4.59,4.8,79,79,100550,100550
552,SST40-60(BioD),4.59,6,99,99,100551,100551
553,SST40-72(BioD),4.59,7.2,119,119,100552,100552
554,SST50-24(BioD),5.35,2.4,54,54,100553,100553
555,SST50-36(BioD),5.35,3.6,81,81,100554,100554
556,SST50-48(BioD),5.35,4.8,108,108,100555,100555
557,SST50-60(BioD),5.35,6,135,135,100556,100556
558,SST50-72(BioD),5.35,7.2,162,162,100557,100557
559,SST50-84(BioD),5.35,8.4,189,189,100558,100558
560,SST70-24(BioD),6.11,2.4,70,70,100559,100559
561,SST70-36(BioD),6.11,3.6,106,106,100560,100560
562,SST70-48(BioD),6.11,4.8,141,141,100561,100561
563,SST70-60(BioD),6.11,6,176,176,100562,100562
564,SST70-72(BioD),6.11,7.2,211,211,100563,100563
565,SST70-84(BioD),6.11,8.4,246,246,100564,100564
566,SST70-96(BioD),6.11,9.6,282,282,100565,100565
567,SST85-24(BioD),6.88,2.4,89,89,100566,100566
568,SST85-36(BioD),6.88,3.6,134,134,100567,100567
569,SST85-48(BioD),6.88,4.8,178,178,100568,100568
570,SST85-60(BioD),6.88,6,223,223,100569,100569
571,SST85-72(BioD),6.88,7.2,268,268,100570,100570
572,SST85-84(BioD),6.88,8.4,312,312,100571,100571
573,SST85-96(BioD),6.88,9.6,357,357,100572,100572
574,SST85-108(BioD),6.88,10.8,402,402,100573,100573
575,SST105-24(BioD),7.64,2.4,110,110,100574,100574
576,SST105-36(BioD),7.64,3.6,165,165,100575,100575
577,SST105-48(BioD),7.64,4.8,220,220,100576,100576
578,SST105-60(BioD),7.64,6,275,275,100577,100577
579,SST105-72(BioD),7.64,7.2,330,330,100578,100578
580,SST105-84(BioD),7.64,8.4,385,385,100579,100579
581,SST105-96(BioD),7.64,9.6,440,440,100580,100580
582,SST105-108(BioD),7.64,10.8,495,495,100581,100581
583,SST130-24(BioD),8.4,2.4,133,133,100582,100582
584,SST130-36(BioD),8.4,3.6,200,200,100583,100583
585,SST130-48(BioD),8.4,4.8,266,266,100584,100584
586,SST130-60(BioD),8.4,6,333,333,100585,100585
587,SST130-72(BioD),8.4,7.2,399,399,100586,100586
588,SST130-84(BioD),8.4,8.4,466,466,100587,100587
589,SST130-96(BioD),8.4,9.6,532,532,100588,100588
590,SST130-108(BioD),8.4,10.8,599,599,100589,100589
591,SST155-24(BioD),9.17,2.4,159,159,100590,100590
592,SST155-36(BioD),9.17,3.6,238,238,100591,100591
593,SST155-48(BioD),9.17,4.8,317,317,100592,100592
594,SST155-60(BioD),9.17,6,396,396,100593,100593
595,SST155-72(BioD),9.17,7.2,476,476,100594,100594
596,SST155-84(BioD),9.17,8.4,555,555,100595,100595
597,SST155-96(BioD),9.17,9.6,634,634,100596,100596
598,SST155-108(BioD),9.17,10.8,713,713,100597,100597
599,SST180-24(BioD),9.93,2.4,186,186,100598,100598
600,SST180-36(BioD),9.93,3.6,279,279,100599,100599
601,SST180-48(BioD),9.93,4.8,372,372,100600,100600
602,SST180-60(BioD),9.93,6,465,465,100601,100601
603,SST180-72(BioD),9.93,7.2,558,558,100602,100602
604,SST180-84(BioD),9.93,8.4,651,651,100603,100603
605,SST180-96(BioD),9.93,9.6,744,744,100604,100604
606,SST180-108(BioD),9.93,10.8,837,837,100605,100605
607,SST210-24(BioD),10.7,2.4,216,216,100606,100606
608,SST210-36(BioD),10.7,3.6,324,324,100607,100607
609,SST210-48(BioD),10.7,4.8,432,432,100608,100608
610,SST210-60(BioD),10.7,6,540,540,100609,100609
611,SST210-72(BioD),10.7,7.2,648,648,100610,100610
612,SST210-84(BioD),10.7,8.4,755,755,100611,100611
613,SST210-96(BioD),10.7,9.6,863,863,100612,100612
614,SST210-108(BioD),10.7,10.8,971,971,100613,100613
615,SST240-24(BioD),11.46,2.4,248,248,100614,100614
616,SST240-36(BioD),11.46,3.6,371,371,100615,100615
617,SST240-48(BioD),11.46,4.8,495,495,100616,100616
618,SST240-60(BioD),11.46,6,619,619,100617,100617
619,SST240-72(BioD),11.46,7.2,743,743,100618,100618
620,SST240-84(BioD),11.46,8.4,867,867,100619,100619
621,SST240-96(BioD),11.46,9.6,990,990,100620,100620
622,SST240-108(BioD),11.46,10.8,1114,1114,100621,100621
623,SST275-24(BioD),12.22,2.4,282,282,100622,100622
624,SST275-36(BioD),12.22,3.6,422,422,100623,100623
625,SST275-48(BioD),12.22,4.8,563,563,100624,100624
626,SST275-60(BioD),12.22,6,704,704,100625,100625
627,SST275-72(BioD),12.22,7.2,845,845,100626,100626
628,SST275-84(BioD),12.22,8.4,985,985,100627,100627
629,SST275-96(BioD),12.22,9.6,1126,1126,100628,100628
630,SST275-108(BioD),12.22,10.8,1267,1267,100629,100629
631,SST310-24(BioD),12.99,2.4,318,318,100630,100630
632,SST310-36(BioD),12.99,3.6,477,477,100631,100631
633,SST310-48(BioD),12.99,4.8,636,636,100632,100632
634,SST310-60(BioD),12.99,6,795,795,100633,100633
635,SST310-72(BioD),12.99,7.2,954,954,100634,100634
636,SST310-84(BioD),12.99,8.4,1113,1113,100635,100635
637,SST310-96(BioD),12.99,9.6,1272,1272,100636,100636
638,SST310-108(BioD),12.99,10.8,1431,1431,100637,100637
639,SST350-24(BioD),13.75,2.4,356,356,100638,100638
640,SST350-36(BioD),13.75,3.6,535,535,100639,100639
641,SST350-48(BioD),13.75,4.8,713,713,100640,100640
642,SST350-60(BioD),13.75,6,891,891,100641,100641
643,SST350-72(BioD),13.75,7.2,1069,1069,100642,100642
644,SST350-84(BioD),13.75,8.4,1247,1247,100643,100643
645,SST350-96(BioD),13.75,9.6,1426,1426,100644,100644
646,SST350-108(BioD),13.75,10.8,1604,1604,100645,100645
647,SST390-24(BioD),14.51,2.4,397,397,100646,100646
648,SST390-36(BioD),14.51,3.6,595,595,100647,100647
649,SST390-48(BioD),14.51,4.8,794,794,100648,100648
650,SST390-60(BioD),14.51,6,992,992,100649,100649
651,SST390-72(BioD),14.51,7.2,1191,1191,100650,100650
652,SST390-84(BioD),14.51,8.4,1389,1389,100651,100651
653,SST390-96(BioD),14.51,9.6,1588,1588,100652,100652
654,SST390-108(BioD),14.51,10.8,1786,1786,100653,100653
655,SST430-24(BioD),15.28,2.4,440,440,100654,100654
656,SST430-36(BioD),15.28,3.6,660,660,100655,100655
657,SST430-48(BioD),15.28,4.8,880,880,100656,100656
658,SST430-60(BioD),15.28,6,1100,1100,100657,100657
659,SST430-72(BioD),15.28,7.2,1320,1320,100658,100658
660,SST430-84(BioD),15.28,8.4,1541,1541,100659,100659
661,SST430-96(BioD),15.28,9.6,1761,1761,100660,100660
662,SST430-108(BioD),15.28,10.8,1981,1981,100661,100661
663,SST475-24(BioD),16.04,2.4,485,485,100662,100662
664,SST475-36(BioD),16.04,3.6,728,728,100663,100663
665,SST475-48(BioD),16.04,4.8,970,970,100664,100664
666,SST475-60(BioD),16.04,6,1213,1213,100665,100665
667,SST475-72(BioD),16.04,7.2,1455,1455,100666,100666
668,SST475-84(BioD),16.04,8.4,1698,1698,100667,100667
669,SST475-96(BioD),16.04,9.6,1940,1940,100668,100668
670,SST475-108(BioD),16.04,10.8,2183,2183,100669,100669
671,SST520-24(BioD),16.81,2.4,533,533,100670,100670
672,SST520-36(BioD),16.81,3.6,799,799,100671,100671
673,SST520-48(BioD),16.81,4.8,1065,1065,100672,100672
674,SST520-60(BioD),16.81,6,1332,1332,100673,100673
675,SST520-72(BioD),16.81,7.2,1598,1598,100674,100674
676,SST520-84(BioD),16.81,8.4,1864,1864,100675,100675
677,SST520-96(BioD),16.81,9.6,2131,2131,100676,100676
678,SST520-108(BioD),16.81,10.8,2397,2397,100677,100677
679,SST570-24(BioD),17.57,2.4,582,582,100678,100678
680,SST570-36(BioD),17.57,3.6,873,873,100679,100679
681,SST570-48(BioD),17.57,4.8,1164,1164,100680,100680
682,SST570-60(BioD),17.57,6,1455,1455,100681,100681
683,SST570-72(BioD),17.57,7.2,1746,1746,100682,100682
684,SST570-84(BioD),17.57,8.4,2037,2037,100683,100683
685,SST570-96(BioD),17.57,9.6,2328,2328,100684,100684
686,SST570-108(BioD),17.57,10.8,2619,2619,100685,100685
687,SST620-24(BioD),18.33,2.4,633,633,100686,100686
688,SST620-36(BioD),18.33,3.6,950,950,100687,100687
689,SST620-48(BioD),18.33,4.8,1267,1267,100688,100688
690,SST620-60(BioD),18.33,6,1584,1584,100689,100689
691,SST620-72(BioD),18.33,7.2,1900,1900,100690,100690
692,SST620-84(BioD),18.33,8.4,2217,2217,100691,100691
693,SST620-96(BioD),18.33,9.6,2534,2534,100692,100692
694,SST620-108(BioD),18.33,10.8,2850,2850,100693,100693
695,SST675-24(BioD),19.1,2.4,688,688,100694,100694
696,SST675-36(BioD),19.1,3.6,1032,1032,100695,100695
697,SST675-48(BioD),19.1,4.8,1375,1375,100696,100696
698,SST675-60(BioD),19.1,6,1719,1719,100697,100697
699,SST675-72(BioD),19.1,7.2,2063,2063,100698,100698
700,SST675-84(BioD),19.1,8.4,2407,2407,100699,100699
701,SST675-96(BioD),19.1,9.6,2751,2751,100700,100700
702,SST675-108(BioD),19.1,10.8,3095,3095,100701,100701
703,SST730-24(BioD),19.86,2.4,744,744,100702,100702
704,SST730-36(BioD),19.86,3.6,1115,1115,100703,100703
705,SST730-48(BioD),19.86,4.8,1487,1487,100704,100704
706,SST730-60(BioD),19.86,6,1859,1859,100705,100705
707,SST730-72(BioD),19.86,7.2,2231,2231,100706,100706
708,SST730-84(BioD),19.86,8.4,2602,2602,100707,100707
709,SST730-96(BioD),19.86,9.6,2974,2974,100708,100708
710,SST730-108(BioD),19.86,10.8,3346,3346,100709,100709
711,SST785-24(BioD),20.63,2.4,802,802,100710,100710
712,SST785-36(BioD),20.63,3.6,1204,1204,100711,100711
713,SST785-48(BioD),20.63,4.8,1605,1605,100712,100712
714,SST785-60(BioD),20.63,6,2006,2006,100713,100713
715,SST785-72(BioD),20.63,7.2,2407,2407,100714,100714
716,SST785-84(BioD),20.63,8.4,2808,2808,100715,100715
717,SST785-96(BioD),20.63,9.6,3209,3209,100716,100716
718,SST785-108(BioD),20.63,10.8,3611,3611,100717,100717
719,SST845-24(BioD),21.39,2.4,863,863,100718,100718
720,SST845-36(BioD),21.39,3.6,1294,1294,100719,100719
721,SST845-48(BioD),21.39,4.8,1725,1725,100720,100720
722,SST845-60(BioD),21.39,6,2156,2156,100721,100721
723,SST845-72(BioD),21.39,7.2,2588,2588,100722,100722
724,SST845-84(BioD),21.39,8.4,3019,3019,100723,100723
725,SST845-96(BioD),21.39,9.6,3450,3450,100724,100724
726,SST845-108(BioD),21.39,10.8,3881,3881,100725,100725
727,SST900-24(BioD),22.15,2.4,925,925,100726,100726
728,SST900-36(BioD),22.15,3.6,1387,1387,100727,100727
729,SST900-48(BioD),22.15,4.8,1850,1850,100728,100728
730,SST900-60(BioD),22.15,6,2312,2312,100729,100729
731,SST900-72(BioD),22.15,7.2,2775,2775,100730,100730
732,SST900-84(BioD),22.15,8.4,3237,3237,100731,100731
733,SST900-96(BioD),22.15,9.6,3700,3700,100732,100732
734,SST900-108(BioD),22.15,10.8,4162,4162,100733,100733
735,SST970-24(BioD),22.92,2.4,990,990,100734,100734
736,SST970-36(BioD),22.92,3.6,1486,1486,100735,100735
737,SST970-48(BioD),22.92,4.8,1981,1981,100736,100736
738,SST970-60(BioD),22.92,6,2476,2476,100737,100737
739,SST970-72(BioD),22.92,7.2,2971,2971,100738,100738
740,SST970-84(BioD),22.92,8.4,3466,3466,100739,100739
741,SST970-96(BioD),22.92,9.6,3961,3961,100740,100740
742,SST970-108(BioD),22.92,10.8,4457,4457,100741,100741
743,SST1060-24(BioD),23.98,2.4,1084,1084,100742,100742
744,SST1060-36(BioD),23.98,3.6,1626,1626,100743,100743
745,SST1060-48(BioD),23.98,4.8,2168,2168,100744,100744
746,SST1060-60(BioD),23.98,6,2710,2710,100745,100745
747,SST1060-72(BioD),23.98,7.2,3252,3252,100746,100746
748,SST1060-84(BioD),23.98,8.4,3794,3794,100747,100747
749,SST1060-96(BioD),23.98,9.6,4336,4336,100748,100748
750,SST1060-108(BioD),23.98,10.8,4878,4878,100749,100749
751,SST1100-24(BioD),24.45,2.4,1127,1127,100750,100750
752,SST1100-36(BioD),24.45,3.6,1690,1690,100751,100751
753,SST1100-48(BioD),24.45,4.8,2254,2254,100752,100752
754,SST1100-60(BioD),24.45,6,2817,2817,100753,100753
755,SST1100-72(BioD),24.45,7.2,3381,3381,100754,100754
756,SST1100-84(BioD),24.45,8.4,3944,3944,100755,100755
757,SST1100-96(BioD),24.45,9.6,4508,4508,100756,100756
758,SST1100-108(BioD),24.45,10.8,5071,5071,100757,100757
759,SST1175-24(BioD),25.21,2.4,1198,1198,100758,100758
760,SST1175-36(BioD),25.21,3.6,1797,1797,100759,100759
761,SST1175-48(BioD),25.21,4.8,2396,2396,100760,100760
762,SST1175-60(BioD),25.21,6,2995,2995,100761,100761
763,SST1175-72(BioD),25.21,7.2,3594,3594,100762,100762
764,SST1175-84(BioD),25.21,8.4,4193,4193,100763,100763
765,SST1175-96(BioD),25.21,9.6,4793,4793,100764,100764
766,SST1175-108(BioD),25.21,10.8,5392,5392,100765,100765
767,SST1245-24(BioD),25.97,2.4,1271,1271,100766,100766
768,SST1245-36(BioD),25.97,3.6,1907,1907,100767,100767
769,SST1245-48(BioD),25.97,4.8,2543,2543,100768,100768
770,SST1245-60(BioD),25.97,6,3179,3179,100769,100769
771,SST1245-72(BioD),25.97,7.2,3814,3814,100770,100770
772,SST1245-84(BioD),25.97,8.4,4450,4450,100771,100771
773,SST1245-96(BioD),25.97,9.6,5086,5086,100772,100772
774,SST1245-108(BioD),25.97,10.8,5722,5722,100773,100773
775,SST1320-24(BioD),26.74,2.4,1348,1348,100774,100774
776,SST1320-36(BioD),26.74,3.6,2022,2022,100775,100775
777,SST1320-48(BioD),26.74,4.8,2696,2696,100776,100776
778,SST1320-60(BioD),26.74,6,3370,3370,100777,100777
779,SST1320-72(BioD),26.74,7.2,4044,4044,100778,100778
780,SST1320-84(BioD),26.74,8.4,4718,4718,100779,100779
781,SST1320-96(BioD),26.74,9.6,5392,5392,100780,100780
782,SST1320-108(BioD),26.74,10.8,6066,6066,100781,100781
783,SST1395-24(BioD),27.5,2.4,1426,1426,100782,100782
784,SST1395-36(BioD),27.5,3.6,2139,2139,100783,100783
785,SST1395-48(BioD),27.5,4.8,2851,2851,100784,100784
786,SST1395-60(BioD),27.5,6,3564,3564,100785,100785
787,SST1395-72(BioD),27.5,7.2,4277,4277,100786,100786
788,SST1395-84(BioD),27.5,8.4,4990,4990,100787,100787
789,SST1395-96(BioD),27.5,9.6,5703,5703,100788,100788
790,SST1395-108(BioD),27.5,10.8,6416,6416,100789,100789
791,SST1475-24(BioD),28.27,2.4,1507,1507,100790,100790
792,SST1475-36(BioD),28.27,3.6,2260,2260,100791,100791
793,SST1475-48(BioD),28.27,4.8,3013,3013,100792,100792
794,SST1475-60(BioD),28.27,6,3767,3767,100793,100793
795,SST1475-72(BioD),28.27,7.2,4520,4520,100794,100794
796,SST1475-84(BioD),28.27,8.4,5273,5273,100795,100795
797,SST1475-96(BioD),28.27,9.6,6027,6027,100796,100796
798,SST1475-108(BioD),28.27,10.8,6780,6780,100797,100797
799,SST1555-24(BioD),29.03,2.4,1589,1589,100798,100798
800,SST1555-36(BioD),29.03,3.6,2383,2383,100799,100799
801,SST1555-48(BioD),29.03,4.8,3177,3177,100800,100800
802,SST1555-60(BioD),29.03,6,3972,3972,100801,100801
803,SST1555-72(BioD),29.03,7.2,4766,4766,100802,100802
804,SST1555-84(BioD),29.03,8.4,5561,5561,100803,100803
805,SST1555-96(BioD),29.03,9.6,6355,6355,100804,100804
806,SST1555-108(BioD),29.03,10.8,7149,7149,100805,100805
807,SST1630-24(BioD),29.79,2.4,1673,1673,100806,100806
808,SST1630-36(BioD),29.79,3.6,2510,2510,100807,100807
809,SST1630-48(BioD),29.79,4.8,3346,3346,100808,100808
810,SST1630-60(BioD),29.79,6,4183,4183,100809,100809
811,SST1630-72(BioD),29.79,7.2,5019,5019,100810,100810
812,SST1630-84(BioD),29.79,8.4,5856,5856,100811,100811
813,SST1630-96(BioD),29.79,9.6,6692,6692,100812,100812
814,SST1630-108(BioD),29.79,10.8,7529,7529,100813,100813
815,SST1720-24(BioD),30.56,2.4,1761,1761,100814,100814
816,SST1720-36(BioD),30.56,3.6,2641,2641,100815,100815
817,SST1720-48(BioD),30.56,4.8,3521,3521,100816,100816
818,SST1720-60(BioD),30.56,6,4402,4402,100817,100817
819,SST1720-72(BioD),30.56,7.2,5282,5282,100818,100818
820,SST1720-84(BioD),30.56,8.4,6162,6162,100819,100819
821,SST1720-96(BioD),30.56,9.6,7042,7042,100820,100820
822,SST1720-108(BioD),30.56,10.8,7923,7923,100821,100821
823,SST1810-24(BioD),31.32,2.4,1849,1849,100822,100822
824,SST1810-36(BioD),31.32,3.6,2774,2774,100823,100823
825,SST1810-48(BioD),31.32,4.8,3699,3699,100824,100824
826,SST1810-60(BioD),31.32,6,4623,4623,100825,100825
827,SST1810-72(BioD),31.32,7.2,5548,5548,100826,100826
828,SST1810-84(BioD),31.32,8.4,6472,6472,100827,100827
829,SST1810-96(BioD),31.32,9.6,7397,7397,100828,100828
830,SST1810-108(BioD),31.32,10.8,8322,8322,100829,100829
831,SST1900-24(BioD),32.09,2.4,1941,1941,100830,100830
832,SST1900-36(BioD),32.09,3.6,2912,2912,100831,100831
833,SST1900-48(BioD),32.09,4.8,3883,3883,100832,100832
834,SST1900-60(BioD),32.09,6,4853,4853,100833,100833
835,SST1900-72(BioD),32.09,7.2,5824,5824,100834,100834
836,SST1900-84(BioD),32.09,8.4,6795,6795,100835,100835
837,SST1900-96(BioD),32.09,9.6,7765,7765,100836,100836
838,SST1900-108(BioD),32.09,10.8,8736,8736,100837,100837
839,SST2085-24(BioD),33.61,2.4,2130,2130,100838,100838
840,SST2085-36(BioD),33.61,3.6,3194,3194,100839,100839
841,SST2085-48(BioD),33.61,4.8,4259,4259,100840,100840
842,SST2085-60(BioD),33.61,6,5324,5324,100841,100841
843,SST2085-72(BioD),33.61,7.2,6389,6389,100842,100842
844,SST2085-84(BioD),33.61,8.4,7454,7454,100843,100843
845,SST2085-96(BioD),33.61,9.6,8518,8518,100844,100844
846,SST2085-108(BioD),33.61,10.8,9583,9583,100845,100845
847,SST2180-24(BioD),34.38,2.4,2228,2228,100846,100846
848,SST2180-36(BioD),34.38,3.6,3342,3342,100847,100847
849,SST2180-48(BioD),34.38,4.8,4457,4457,100848,100848
850,SST2180-60(BioD),34.38,6,5571,5571,100849,100849
851,SST2180-72(BioD),34.38,7.2,6685,6685,100850,100850
852,SST2180-84(BioD),34.38,8.4,7799,7799,100851,100851
853,SST2180-96(BioD),34.38,9.6,8913,8913,100852,100852
854,SST2180-108(BioD),34.38,10.8,10027,10027,100853,100853
855,GFS25-24,3.82,2.4,28,28,100854,100854
856,GFS25-36,3.82,3.6,41,41,100855,100855
857,GFS25-48,3.82,4.8,55,55,100856,100856
858,GFS25-60,3.82,6,69,69,100857,100857
859,GFS25-72,3.82,7.2,83,83,100858,100858
860,GFS40-24,4.59,2.4,40,40,100859,100859
861,GFS40-36,4.59,3.6,60,60,100860,100860
862,GFS40-48,4.59,4.8,79,79,100861,100861
863,GFS40-60,4.59,6,99,99,100862,100862
864,GFS40-72,4.59,7.2,119,119,100863,100863
865,GFS50-24,5.35,2.4,54,54,100864,100864
866,GFS50-36,5.35,3.6,81,81,100865,100865
867,GFS50-48,5.35,4.8,108,108,100866,100866
868,GFS50-60,5.35,6,135,135,100867,100867
869,GFS50-72,5.35,7.2,162,162,100868,100868
870,GFS50-84,5.35,8.4,189,189,100869,100869
871,GFS70-24,6.11,2.4,70,70,100870,100870
872,GFS70-36,6.11,3.6,106,106,100871,100871
873,GFS70-48,6.11,4.8,141,141,100872,100872
874,GFS70-60,6.11,6,176,176,100873,100873
875,GFS70-72,6.11,7.2,211,211,100874,100874
876,GFS70-84,6.11,8.4,246,246,100875,100875
877,GFS70-96,6.11,9.6,282,282,100876,100876
878,GFS85-24,6.88,2.4,89,89,100877,100877
879,GFS85-36,6.88,3.6,134,134,100878,100878
880,GFS85-48,6.88,4.8,178,178,100879,100879
881,GFS85-60,6.88,6,223,223,100880,100880
882,GFS85-72,6.88,7.2,268,268,100881,100881
883,GFS85-84,6.88,8.4,312,312,100882,100882
884,GFS85-96,6.88,9.6,357,357,100883,100883
885,GFS85-108,6.88,10.8,402,402,100884,100884
886,GFS105-24,7.64,2.4,110,110,100885,100885
887,GFS105-36,7.64,3.6,165,165,100886,100886
888,GFS105-48,7.64,4.8,220,220,100887,100887
889,GFS105-60,7.64,6,275,275,100888,100888
890,GFS105-72,7.64,7.2,330,330,100889,100889
891,GFS105-84,7.64,8.4,385,385,100890,100890
892,GFS105-96,7.64,9.6,440,440,100891,100891
893,GFS105-108,7.64,10.8,495,495,100892,100892
894,GFS130-24,8.4,2.4,133,133,100893,100893
895,GFS130-36,8.4,3.6,200,200,100894,100894
896,GFS130-48,8.4,4.8,266,266,100895,100895
897,GFS130-60,8.4,6,333,333,100896,100896
898,GFS130-72,8.4,7.2,399,399,100897,100897
899,GFS130-84,8.4,8.4,466,466,100898,100898
900,GFS130-96,8.4,9.6,532,532,100899,100899
901,GFS130-108,8.4,10.8,599,599,100900,100900
902,GFS155-24,9.17,2.4,159,159,100901,100901
903,GFS155-36,9.17,3.6,238,238,100902,100902
904,GFS155-48,9.17,4.8,317,317,100903,100903
905,GFS155-60,9.17,6,396,396,100904,100904
906,GFS155-72,9.17,7.2,476,476,100905,100905
907,GFS155-84,9.17,8.4,555,555,100906,100906
908,GFS155-96,9.17,9.6,634,634,100907,100907
909,GFS155-108,9.17,10.8,713,713,100908,100908
910,GFS180-24,9.93,2.4,186,186,100909,100909
911,GFS180-36,9.93,3.6,279,279,100910,100910
912,GFS180-48,9.93,4.8,372,372,100911,100911
913,GFS180-60,9.93,6,465,465,100912,100912
914,GFS180-72,9.93,7.2,558,558,100913,100913
915,GFS180-84,9.93,8.4,651,651,100914,100914
916,GFS180-96,9.93,9.6,744,744,100915,100915
917,GFS180-108,9.93,10.8,837,837,100916,100916
918,GFS210-24,10.7,2.4,216,216,100917,100917
919,GFS210-36,10.7,3.6,324,324,100918,100918
920,GFS210-48,10.7,4.8,432,432,100919,100919
921,GFS210-60,10.7,6,540,540,100920,100920
922,GFS210-72,10.7,7.2,648,648,100921,100921
923,GFS210-84,10.7,8.4,755,755,100922,100922
924,GFS210-96,10.7,9.6,863,863,100923,100923
925,GFS210-108,10.7,10.8,971,971,100924,100924
926,GFS240-24,11.46,2.4,248,248,100925,100925
927,GFS240-36,11.46,3.6,371,371,100926,100926
928,GFS240-48,11.46,4.8,495,495,100927,100927
929,GFS240-60,11.46,6,619,619,100928,100928
930,GFS240-72,11.46,7.2,743,743,100929,100929
931,GFS240-84,11.46,8.4,867,867,100930,100930
932,GFS240-96,11.46,9.6,990,990,100931,100931
933,GFS240-108,11.46,10.8,1114,1114,100932,100932
934,GFS275-24,12.22,2.4,282,282,100933,100933
935,GFS275-36,12.22,3.6,422,422,100934,100934
936,GFS275-48,12.22,4.8,563,563,100935,100935
937,GFS275-60,12.22,6,704,704,100936,100936
938,GFS275-72,12.22,7.2,845,845,100937,100937
939,GFS275-84,12.22,8.4,985,985,100938,100938
940,GFS275-96,12.22,9.6,1126,1126,100939,100939
941,GFS275-108,12.22,10.8,1267,1267,100940,100940
942,GFS310-24,12.99,2.4,318,318,100941,100941
943,GFS310-36,12.99,3.6,477,477,100942,100942
944,GFS310-48,12.99,4.8,636,636,100943,100943
945,GFS310-60,12.99,6,795,795,100944,100944
946,GFS310-72,12.99,7.2,954,954,100945,100945
947,GFS310-84,12.99,8.4,1113,1113,100946,100946
948,GFS310-96,12.99,9.6,1272,1272,100947,100947
949,GFS310-108,12.99,10.8,1431,1431,100948,100948
950,GFS350-24,13.75,2.4,356,356,100949,100949
951,GFS350-36,13.75,3.6,535,535,100950,100950
952,GFS350-48,13.75,4.8,713,713,100951,100951
953,GFS350-60,13.75,6,891,891,100952,100952
954,GFS350-72,13.75,7.2,1069,1069,100953,100953
955,GFS350-84,13.75,8.4,1247,1247,100954,100954
956,GFS350-96,13.75,9.6,1426,1426,100955,100955
957,GFS350-108,13.75,10.8,1604,1604,100956,100956
958,GFS390-24,14.51,2.4,397,397,100957,100957
959,GFS390-36,14.51,3.6,595,595,100958,100958
960,GFS390-48,14.51,4.8,794,794,100959,100959
961,GFS390-60,14.51,6,992,992,100960,100960
962,GFS390-72,14.51,7.2,1191,1191,100961,100961
963,GFS390-84,14.51,8.4,1389,1389,100962,100962
964,GFS390-96,14.51,9.6,1588,1588,100963,100963
965,GFS390-108,14.51,10.8,1786,1786,100964,100964
966,GFS430-24,15.28,2.4,440,440,100965,100965
967,GFS430-36,15.28,3.6,660,660,100966,100966
968,GFS430-48,15.28,4.8,880,880,100967,100967
969,GFS430-60,15.28,6,1100,1100,100968,100968
970,GFS430-72,15.28,7.2,1320,1320,100969,100969
971,GFS430-84,15.28,8.4,1541,1541,100970,100970
972,GFS430-96,15.28,9.6,1761,1761,100971,100971
973,GFS430-108,15.28,10.8,1981,1981,100972,100972
974,GFS475-24,16.04,2.4,485,485,100973,100973
975,GFS475-36,16.04,3.6,728,728,100974,100974
976,GFS475-48,16.04,4.8,970,970,100975,100975
977,GFS475-60,16.04,6,1213,1213,100976,100976
978,GFS475-72,16.04,7.2,1455,1455,100977,100977
979,GFS475-84,16.04,8.4,1698,1698,100978,100978
980,GFS475-96,16.04,9.6,1940,1940,100979,100979
981,GFS475-108,16.04,10.8,2183,2183,100980,100980
982,GFS520-24,16.81,2.4,533,533,100981,100981
983,GFS520-36,16.81,3.6,799,799,100982,100982
984,GFS520-48,16.81,4.8,1065,1065,100983,100983
985,GFS520-60,16.81,6,1332,1332,100984,100984
986,GFS520-72,16.81,7.2,1598,1598,100985,100985
987,GFS520-84,16.81,8.4,1864,1864,100986,100986
988,GFS520-96,16.81,9.6,2131,2131,100987,100987
989,GFS520-108,16.81,10.8,2397,2397,100988,100988
990,GFS570-24,17.57,2.4,582,582,100989,100989
991,GFS570-36,17.57,3.6,873,873,100990,100990
992,GFS570-48,17.57,4.8,1164,1164,100991,100991
993,GFS570-60,17.57,6,1455,1455,100992,100992
994,GFS570-72,17.57,7.2,1746,1746,100993,100993
995,GFS570-84,17.57,8.4,2037,2037,100994,100994
996,GFS570-96,17.57,9.6,2328,2328,100995,100995
997,GFS570-108,17.57,10.8,2619,2619,100996,100996
998,GFS620-24,18.33,2.4,633,633,100997,100997
999,GFS620-36,18.33,3.6,950,950,100998,100998
1000,GFS620-48,18.33,4.8,1267,1267,100999,100999
1001,GFS620-60,18.33,6,1584,1584,101000,101000
1002,GFS620-72,18.33,7.2,1900,1900,101001,101001
1003,GFS620-84,18.33,8.4,2217,2217,101002,101002
1004,GFS620-96,18.33,9.6,2534,2534,101003,101003
1005,GFS620-108,18.33,10.8,2850,2850,101004,101004
1006,GFS675-24,19.1,2.4,688,688,101005,101005
1007,GFS675-36,19.1,3.6,1032,1032,101006,101006
1008,GFS675-48,19.1,4.8,1375,1375,101007,101007
1009,GFS675-60,19.1,6,1719,1719,101008,101008
1010,GFS675-72,19.1,7.2,2063,2063,101009,101009
1011,GFS675-84,19.1,8.4,2407,2407,101010,101010
1012,GFS675-96,19.1,9.6,2751,2751,101011,101011
1013,GFS675-108,19.1,10.8,3095,3095,101012,101012
1014,GFS730-24,19.86,2.4,744,744,101013,101013
1015,GFS730-36,19.86,3.6,1115,1115,101014,101014
1016,GFS730-48,19.86,4.8,1487,1487,101015,101015
1017,GFS730-60,19.86,6,1859,1859,101016,101016
1018,GFS730-72,19.86,7.2,2231,2231,101017,101017
1019,GFS730-84,19.86,8.4,2602,2602,101018,101018
1020,GFS730-96,19.86,9.6,2974,2974,101019,101019
1021,GFS730-108,19.86,10.8,3346,3346,101020,101020
1022,GFS785-24,20.63,2.4,802,802,101021,101021
1023,GFS785-36,20.63,3.6,1204,1204,101022,101022
1024,GFS785-48,20.63,4.8,1605,1605,101023,101023
1025,GFS785-60,20.63,6,2006,2006,101024,101024
1026,GFS785-72,20.63,7.2,2407,2407,101025,101025
1027,GFS785-84,20.63,8.4,2808,2808,101026,101026
1028,GFS785-96,20.63,9.6,3209,3209,101027,101027
1029,GFS785-108,20.63,10.8,3611,3611,101028,101028
1030,GFS845-24,21.39,2.4,863,863,101029,101029
1031,GFS845-36,21.39,3.6,1294,1294,101030,101030
1032,GFS845-48,21.39,4.8,1725,1725,101031,101031
1033,GFS845-60,21.39,6,2156,2156,101032,101032
1034,GFS845-72,21.39,7.2,2588,2588,101033,101033
1035,GFS845-84,21.39,8.4,3019,3019,101034,101034
1036,GFS845-96,21.39,9.6,3450,3450,101035,101035
1037,GFS845-108,21.39,10.8,3881,3881,101036,101036
1038,GFS900-24,22.15,2.4,925,925,101037,101037
1039,GFS900-36,22.15,3.6,1387,1387,101038,101038
1040,GFS900-48,22.15,4.8,1850,1850,101039,101039
1041,GFS900-60,22.15,6,2312,2312,101040,101040
1042,GFS900-72,22.15,7.2,2775,2775,101041,101041
1043,GFS900-84,22.15,8.4,3237,3237,101042,101042
1044,GFS900-96,22.15,9.6,3700,3700,101043,101043
1045,GFS900-108,22.15,10.8,4162,4162,101044,101044
1046,GFS970-24,22.92,2.4,990,990,101045,101045
1047,GFS970-36,22.92,3.6,1486,1486,101046,101046
1048,GFS970-48,22.92,4.8,1981,1981,101047,101047
1049,GFS970-60,22.92,6,2476,2476,101048,101048
1050,GFS970-72,22.92,7.2,2971,2971,101049,101049
1051,GFS970-84,22.92,8.4,3466,3466,101050,101050
1052,GFS970-96,22.92,9.6,3961,3961,101051,101051
1053,GFS970-108,22.92,10.8,4457,4457,101052,101052
1054,GFS1060-24,23.98,2.4,1084,1084,101053,101053
1055,GFS1060-36,23.98,3.6,1626,1626,101054,101054
1056,GFS1060-48,23.98,4.8,2168,2168,101055,101055
1057,GFS1060-60,23.98,6,2710,2710,101056,101056
1058,GFS1060-72,23.98,7.2,3252,3252,101057,101057
1059,GFS1060-84,23.98,8.4,3794,3794,101058,101058
1060,GFS1060-96,23.98,9.6,4336,4336,101059,101059
1061,GFS1060-108,23.98,10.8,4878,4878,101060,101060
1062,GFS1100-24,24.45,2.4,1127,1127,101061,101061
1063,GFS1100-36,24.45,3.6,1690,1690,101062,101062
1064,GFS1100-48,24.45,4.8,2254,2254,101063,101063
1065,GFS1100-60,24.45,6,2817,2817,101064,101064
1066,GFS1100-72,24.45,7.2,3381,3381,101065,101065
1067,GFS1100-84,24.45,8.4,3944,3944,101066,101066
1068,GFS1100-96,24.45,9.6,4508,4508,101067,101067
1069,GFS1100-108,24.45,10.8,5071,5071,101068,101068
1070,GFS1175-24,25.21,2.4,1198,1198,101069,101069
1071,GFS1175-36,25.21,3.6,1797,1797,101070,101070
1072,GFS1175-48,25.21,4.8,2396,2396,101071,101071
1073,GFS1175-60,25.21,6,2995,2995,101072,101072
1074,GFS1175-72,25.21,7.2,3594,3594,101073,101073
1075,GFS1175-84,25.21,8.4,4193,4193,101074,101074
1076,GFS1175-96,25.21,9.6,4793,4793,101075,101075
1077,GFS1175-108,25.21,10.8,5392,5392,101076,101076
1078,GFS1245-24,25.97,2.4,1271,1271,101077,101077
1079,GFS1245-36,25.97,3.6,1907,1907,101078,101078
1080,GFS1245-48,25.97,4.8,2543,2543,101079,101079
1081,GFS1245-60,25.97,6,3179,3179,101080,101080
1082,GFS1245-72,25.97,7.2,3814,3814,101081,101081
1083,GFS1245-84,25.97,8.4,4450,4450,101082,101082
1084,GFS1245-96,25.97,9.6,5086,5086,101083,101083
1085,GFS1245-108,25.97,10.8,5722,5722,101084,101084
1086,GFS1320-24,26.74,2.4,1348,1348,101085,101085
1087,GFS1320-36,26.74,3.6,2022,2022,101086,101086
1088,GFS1320-48,26.74,4.8,2696,2696,101087,101087
1089,GFS1320-60,26.74,6,3370,3370,101088,101088
1090,GFS1320-72,26.74,7.2,4044,4044,101089,101089
1091,GFS1320-84,26.74,8.4,4718,4718,101090,101090
1092,GFS1320-96,26.74,9.6,5392,5392,101091,101091
1093,GFS1320-108,26.74,10.8,6066,6066,101092,101092
1094,GFS1395-24,27.5,2.4,1426,1426,101093,101093
1095,GFS1395-36,27.5,3.6,2139,2139,101094,101094
1096,GFS1395-48,27.5,4.8,2851,2851,101095,101095
1097,GFS1395-60,27.5,6,3564,3564,101096,101096
1098,GFS1395-72,27.5,7.2,4277,4277,101097,101097
1099,GFS1395-84,27.5,8.4,4990,4990,101098,101098
1100,GFS1395-96,27.5,9.6,5703,5703,101099,101099
1101,GFS1395-108,27.5,10.8,6416,6416,101100,101100
1102,GFS1475-24,28.27,2.4,1507,1507,101101,101101
1103,GFS1475-36,28.27,3.6,2260,2260,101102,101102
1104,GFS1475-48,28.27,4.8,3013,3013,101103,101103
1105,GFS1475-60,28.27,6,3767,3767,101104,101104
1106,GFS1475-72,28.27,7.2,4520,4520,101105,101105
1107,GFS1475-84,28.27,8.4,5273,5273,101106,101106
1108,GFS1475-96,28.27,9.6,6027,6027,101107,101107
1109,GFS1475-108,28.27,10.8,6780,6780,101108,101108
1110,GFS1555-24,29.03,2.4,1589,1589,101109,101109
1111,GFS1555-36,29.03,3.6,2383,2383,101110,101110
1112,GFS1555-48,29.03,4.8,3177,3177,101111,101111
1113,GFS1555-60,29.03,6,3972,3972,101112,101112
1114,GFS1555-72,29.03,7.2,4766,4766,101113,101113
1115,GFS1555-84,29.03,8.4,5561,5561,101114,101114
1116,GFS1555-96,29.03,9.6,6355,6355,101115,101115
1117,GFS1555-108,29.03,10.8,7149,7149,101116,101116
1118,GFS1630-24,29.79,2.4,1673,1673,101117,101117
1119,GFS1630-36,29.79,3.6,2510,2510,101118,101118
1120,GFS1630-48,29.79,4.8,3346,3346,101119,101119
1121,GFS1630-60,29.79,6,4183,4183,101120,101120
1122,GFS1630-72,29.79,7.2,5019,5019,101121,101121
1123,GFS1630-84,29.79,8.4,5856,5856,101122,101122
1124,GFS1630-96,29.79,9.6,6692,6692,101123,101123
1125,GFS1630-108,29.79,10.8,7529,7529,101124,101124
1126,GFS1720-24,30.56,2.4,1761,1761,101125,101125
1127,GFS1720-36,30.56,3.6,2641,2641,101126,101126
1128,GFS1720-48,30.56,4.8,3521,3521,101127,101127
1129,GFS1720-60,30.56,6,4402,4402,101128,101128
1130,GFS1720-72,30.56,7.2,5282,5282,101129,101129
1131,GFS1720-84,30.56,8.4,6162,6162,101130,101130
1132,GFS1720-96,30.56,9.6,7042,7042,101131,101131
1133,GFS1720-108,30.56,10.8,7923,7923,101132,101132
1134,GFS1810-24,31.32,2.4,1849,1849,101133,101133
1135,GFS1810-36,31.32,3.6,2774,2774,101134,101134
1136,GFS1810-48,31.32,4.8,3699,3699,101135,101135
1137,GFS1810-60,31.32,6,4623,4623,101136,101136
1138,GFS1810-72,31.32,7.2,5548,5548,101137,101137
1139,GFS1810-84,31.32,8.4,6472,6472,101138,101138
1140,GFS1810-96,31.32,9.6,7397,7397,101139,101139
1141,GFS1810-108,31.32,10.8,8322,8322,101140,101140
1142,GFS1900-24,32.09,2.4,1941,1941,101141,101141
1143,GFS1900-36,32.09,3.6,2912,2912,101142,101142
1144,GFS1900-48,32.09,4.8,3883,3883,101143,101143
1145,GFS1900-60,32.09,6,4853,4853,101144,101144
1146,GFS1900-72,32.09,7.2,5824,5824,101145,101145
1147,GFS1900-84,32.09,8.4,6795,6795,101146,101146
1148,GFS1900-96,32.09,9.6,7765,7765,101147,101147
1149,GFS1900-108,32.09,10.8,8736,8736,101148,101148
1150,GFS2085-24,33.61,2.4,2130,2130,101149,101149
1151,GFS2085-36,33.61,3.6,3194,3194,101150,101150
1152,GFS2085-48,33.61,4.8,4259,4259,101151,101151
1153,GFS2085-60,33.61,6,5324,5324,101152,101152
1154,GFS2085-72,33.61,7.2,6389,6389,101153,101153
1155,GFS2085-84,33.61,8.4,7454,7454,101154,101154
1156,GFS2085-96,33.61,9.6,8518,8518,101155,101155
1157,GFS2085-108,33.61,10.8,9583,9583,101156,101156
1158,GFS2180-24,34.38,2.4,2228,2228,101157,101157
1159,GFS2180-36,34.38,3.6,3342,3342,101158,101158
1160,GFS2180-48,34.38,4.8,4457,4457,101159,101159
1161,GFS2180-60,34.38,6,5571,5571,101160,101160
1162,GFS2180-72,34.38,7.2,6685,6685,101161,101161
1163,GFS2180-84,34.38,8.4,7799,7799,101162,101162
1164,GFS2180-96,34.38,9.6,8913,8913,101163,101163
1165,GFS2180-108,34.38,10.8,10027,10027,101164,101164
